Israel,Black,m,29/04/,1998,22334,12312,123123,123123,123123,123123,Anz,324,234,234,234,3,9/06/2024

,
Israel,Black,m,29/04/1998,Pakeha,nm334435,29/12/4235,12,506556565,email,0,,-858993460,,,,3,9/06/2024

,BlackIsrael29,
,,Ì,//,,,,-1.07374e+08,-858993460,,-858993460,,-858993460,,,,3,9/06/2024

,,
,,Ì,//,,,,-1.07374e+08,-858993460,,-858993460,,-858993460,,,,3,9/06/2024

,,
,,Ì,//,,,,-1.07374e+08,-858993460,,-858993460,,-858993460,,,,3,9/06/2024

,,
,,Ì,//,,,,-1.07374e+08,-858993460,,-858993460,,-858993460,,,,3,9/06/2024

,,
,,Ì,//,,,,-1.07374e+08,-858993460,,-858993460,,-858993460,,,,3,9/06/2024

,,
,,Ì,//,,,,-1.07374e+08,-858993460,,-858993460,,-858993460,,,,5,9/06/2024

,,
,,Ì,//,,,,-1.07374e+08,-858993460,,-858993460,,-858993460,,,,5,9/06/2024

,,
,,Ì,//,,,,-1.07374e+08,-858993460,,-858993460,,-858993460,,,,5,9/06/2024

,,
,,Ì,//,,,,-1.07374e+08,-858993460,,-858993460,,-858993460,,,,5,9/06/2024

,,
,,Ì,//,,,,-1.07374e+08,-858993460,,-858993460,,-858993460,,,,5,9/06/2024

,,
,,Ì,//,,,,-1.07374e+08,-858993460,,-858993460,,-858993460,,,,5,9/06/2024

,,
,,Ì,//,,,,-1.07374e+08,-858993460,,-858993460,,-858993460,,,,5,9/06/2024

,,
,,Ì,//,,,,-1.07374e+08,-858993460,,-858993460,,-858993460,,,,5,9/06/2024

,,
,,Ì,//,,,,-1.07374e+08,-858993460,,-858993460,,-858993460,,,,5,9/06/2024

,,
,,Ì,//,,,,-1.07374e+08,-858993460,,-858993460,,-858993460,,,,5,9/06/2024

,,
,,Ì,//,,,,-1.07374e+08,-858993460,,-858993460,,-858993460,,,,5,9/06/2024

,,
,,Ì,//,,,,-1.07374e+08,-858993460,,-858993460,,-858993460,,,,5,9/06/2024

,,
,,Ì,//,,,,-1.07374e+08,-858993460,,-858993460,,-858993460,,,,5,9/06/2024

,,
,,Ì,//,,,,-1.07374e+08,-858993460,,-858993460,,-858993460,,,,5,9/06/2024

,,
,,Ì,//,,,,-1.07374e+08,-858993460,,-858993460,,-858993460,,,,5,9/06/2024

,,
,,Ì,//,,,,-1.07374e+08,-858993460,,-858993460,,-858993460,,,,5,9/06/2024

,,
,,Ì,//,,,,-1.07374e+08,-858993460,,-858993460,,-858993460,,,,5,9/06/2024

,,
,,Ì,//,,,,-1.07374e+08,-858993460,,-858993460,,-858993460,,,,5,9/06/2024

,,
,,Ì,//,,,,-1.07374e+08,-858993460,,-858993460,,-858993460,,,,5,9/06/2024

,,
,,Ì,//,,,,-1.07374e+08,-858993460,,-858993460,,-858993460,,,,6,9/06/2024

,,
,,Ì,//,,,,-1.07374e+08,-858993460,,-858993460,,-858993460,,,,6,9/06/2024

,,
,,Ì,//,,,,-1.07374e+08,-858993460,,-858993460,,-858993460,,,,6,9/06/2024

,,
,,Ì,//,,,,-1.07374e+08,-858993460,,-858993460,,-858993460,,,,6,9/06/2024

,,
,,Ì,//,,,,-1.07374e+08,-858993460,,-858993460,,-858993460,,,,6,9/06/2024

,,
,,Ì,//,,,,-1.07374e+08,-858993460,,-858993460,,-858993460,,,,6,9/06/2024

,,
,,Ì,//,,,,-1.07374e+08,-858993460,,-858993460,,-858993460,,,,6,9/06/2024

,,
,,Ì,//,,,,-1.07374e+08,-858993460,,-858993460,,-858993460,,,,6,9/06/2024

,,
,,Ì,//,,,,-1.07374e+08,-858993460,,-858993460,,-858993460,,,,6,9/06/2024

,,
,,Ì,//,,,,-1.07374e+08,-858993460,,-858993460,,-858993460,,,,6,9/06/2024

,,
,,Ì,//,,,,-1.07374e+08,-858993460,,-858993460,,-858993460,,,,6,9/06/2024

,,
,,Ì,//,,,,-1.07374e+08,-858993460,,-858993460,,-858993460,,,,6,9/06/2024

,,
,,Ì,//,,,,-1.07374e+08,-858993460,,-858993460,,-858993460,,,,6,9/06/2024

,,
,,Ì,//,,,,-1.07374e+08,-858993460,,-858993460,,-858993460,,,,6,9/06/2024

,,
,,Ì,//,,,,-1.07374e+08,-858993460,,-858993460,,-858993460,,,,6,9/06/2024

,,
,,Ì,//,,,,-1.07374e+08,-858993460,,-858993460,,-858993460,,,,6,9/06/2024

,,
,,Ì,//,,,,-1.07374e+08,-858993460,,-858993460,,-858993460,,,,6,9/06/2024

,,
,,Ì,//,,,,-1.07374e+08,-858993460,,-858993460,,-858993460,,,,6,9/06/2024

,,
,,Ì,//,,,,-1.07374e+08,-858993460,,-858993460,,-858993460,,,,8,9/06/2024

,,
,,Ì,//,,,,-1.07374e+08,-858993460,,-858993460,,-858993460,,,,8,9/06/2024

,,
,,Ì,//,,,,-1.07374e+08,-858993460,,-858993460,,-858993460,,,,8,9/06/2024

,,
,,Ì,//,,,,-1.07374e+08,-858993460,,-858993460,,-858993460,,,,8,9/06/2024

,,
,,Ì,//,,,,-1.07374e+08,-858993460,,-858993460,,-858993460,,,,8,9/06/2024

,,
,,Ì,//,,,,-1.07374e+08,-858993460,,-858993460,,-858993460,,,,8,9/06/2024

,,
,,Ì,//,,,,-1.07374e+08,-858993460,,-858993460,,-858993460,,,,8,9/06/2024

,,
,,Ì,//,,,,-1.07374e+08,-858993460,,-858993460,,-858993460,,,,8,9/06/2024

,,
,,Ì,//,,,,-1.07374e+08,-858993460,,-858993460,,-858993460,,,,8,9/06/2024

,,
,,Ì,//,,,,-1.07374e+08,-858993460,,-858993460,,-858993460,,,,8,9/06/2024

,,
,,Ì,//,,,,-1.07374e+08,-858993460,,-858993460,,-858993460,,,,8,9/06/2024

,,
,,Ì,//,,,,-1.07374e+08,-858993460,,-858993460,,-858993460,,,,8,9/06/2024

,,
,,Ì,//,,,,-1.07374e+08,-858993460,,-858993460,,-858993460,,,,8,9/06/2024

,,
,,Ì,//,,,,-1.07374e+08,-858993460,,-858993460,,-858993460,,,,8,9/06/2024

,,
,,Ì,//,,,,-1.07374e+08,-858993460,,-858993460,,-858993460,,,,8,9/06/2024

,,
,,Ì,//,,,,-1.07374e+08,-858993460,,-858993460,,-858993460,,,,8,9/06/2024

,,
,,Ì,//,,,,-1.07374e+08,-858993460,,-858993460,,-858993460,,,,8,9/06/2024

,,
,,Ì,//,,,,-1.07374e+08,-858993460,,-858993460,,-858993460,,,,8,9/06/2024

,,
,,Ì,//,,,,-1.07374e+08,-858993460,,-858993460,,-858993460,,,,8,9/06/2024

,,
,,Ì,//,,,,-1.07374e+08,-858993460,,-858993460,,-858993460,,,,8,9/06/2024

,,
,,Ì,//,,,,-1.07374e+08,-858993460,,-858993460,,-858993460,,,,8,9/06/2024

,,
,,Ì,//,,,,-1.07374e+08,-858993460,,-858993460,,-858993460,,,,8,9/06/2024

,,
,,Ì,//,,,,-1.07374e+08,-858993460,,-858993460,,-858993460,,,,8,9/06/2024

,,
,,Ì,//,,,,-1.07374e+08,-858993460,,-858993460,,-858993460,,,,8,9/06/2024

,,
,,Ì,//,,,,-1.07374e+08,-858993460,,-858993460,,-858993460,,,,8,9/06/2024

,,
,,Ì,//,,,,-1.07374e+08,-858993460,,-858993460,,-858993460,,,,8,9/06/2024

,,
,,Ì,//,,,,-1.07374e+08,-858993460,,-858993460,,-858993460,,,,8,9/06/2024

,,
,,Ì,//,,,,-1.07374e+08,-858993460,,-858993460,,-858993460,,,,8,9/06/2024

,,
,,Ì,//,,,,-1.07374e+08,-858993460,,-858993460,,-858993460,,,,8,9/06/2024

,,
,,Ì,//,,,,-1.07374e+08,-858993460,,-858993460,,-858993460,,,,8,9/06/2024

,,
,,Ì,//,,,,-1.07374e+08,-858993460,,-858993460,,-858993460,,,,8,9/06/2024

,,
,,Ì,//,,,,-1.07374e+08,-858993460,,-858993460,,-858993460,,,,8,9/06/2024

,,
,,Ì,//,,,,-1.07374e+08,-858993460,,-858993460,,-858993460,,,,8,9/06/2024

,,
,,Ì,//,,,,-1.07374e+08,-858993460,,-858993460,,-858993460,,,,8,9/06/2024

,,
,,Ì,//,,,,-1.07374e+08,-858993460,,-858993460,,-858993460,,,,8,9/06/2024

,,
,,Ì,//,,,,-1.07374e+08,-858993460,,-858993460,,-858993460,,,,8,9/06/2024

,,
,,Ì,//,,,,-1.07374e+08,-858993460,,-858993460,,-858993460,,,,8,9/06/2024

,,
,,Ì,//,,,,-1.07374e+08,-858993460,,-858993460,,-858993460,,,,9,9/06/2024

,,
,,Ì,//,,,,-1.07374e+08,-858993460,,-858993460,,-858993460,,,,9,9/06/2024

,,
,,Ì,//,,,,-1.07374e+08,-858993460,,-858993460,,-858993460,,,,9,9/06/2024

,,
Israel,Black,m,29/04/1998,Pakeha,3245245435,453,1,12334,email,4565467,ANZ,5767667,Toyota,Corrola,121212,1,9/06/2024

,BlackIsrael29,password
